business_name,category,city,address,phone,source
"Sura, Mandal and Narula",Electronics,Kanpur,"69/46, Bajwa Path, Ratlam 946917",01323284758,Sulekha
Manda-Guha,Restaurant,Jaipur,"H.No. 873, Mukhopadhyay Ganj, Bhind-555389",2574345757,Google
Ratta-Sharaf,School,Agra,"30/624, Dora Marg, Begusarai-000970",2474199155,Sulekha
Chaudhry Inc,Salon,Lucknow,"18/78, Nagar Street, Raurkela Industrial Township 426893",05886821236,Sulekha
Gole-Pall,Hotel,Agra,"H.No. 86, Sane Ganj, Berhampur 822237",+911909332052,Sulekha
"Kashyap, Srinivas and Vaidya",Cafe,Bengaluru,"H.No. 38, Lad Path, Dibrugarh-285946",3424251460,Justdial
"Luthra, Chatterjee and Hegde",Gym,Delhi,"43, Chandran Marg, Gudivada 163673",06365875487,Justdial
"Sant, Shah and Bahri",Electronics,Lucknow,"H.No. 903, Dara Chowk, Bidhannagar 590900",+911338469529,Justdial
Kothari-Sagar,Electronics,Jaipur,"H.No. 059, Bhattacharyya Nagar, Hosur-444346",09418493834,Google
"Arya, Talwar and Sawhney",Gym,Mumbai,"60, Sekhon Nagar, Aligarh 367850",07659783768,Google
"Samra, Krish and Gole",Cafe,Bengaluru,"60/48, Balan, Srikakulam-602933",07796326774,Sulekha
Lata Group,Medical,Lucknow,"H.No. 03, Parekh Ganj, Gaya-377888",3163103037,Justdial
Mital-Goyal,Hotel,Jaipur,"H.No. 43, Zachariah Chowk, Asansol-826183",0789173069,Sulekha
Dugar LLC,Hotel,Lucknow,"H.No. 64, Sekhon Marg, Bhalswa Jahangir Pur 652320",+918407651064,Google
"Prashad, Nori and Tripathi",School,Pune,"703, Walia Chowk, Udaipur 575634",+917623378646,Sulekha
Buch-Varty,Clothing,Bengaluru,"34/40, Baria Marg, Saharsa-357613",05547944422,Google
Jaggi PLC,Clothing,Lucknow,"H.No. 158, Roy, Sasaram-216049",9064127919,Sulekha
Puri Inc,Mobile,Jaipur,"H.No. 486, Naik Circle, Serampore 985006",3655248519,Justdial
Kadakia and Sons,Electronics,Delhi,"42/89, Naidu Ganj, Morbi-997684",9541896926,Sulekha
"Warrior, Sami and Rao",Cafe,Agra,"82/19, Manda Nagar, Rourkela 410737",+915833858756,Justdial
Bal-Bir,Restaurant,Delhi,"94/147, Raj Zila, Gurgaon-964763",8808017773,Justdial
"Lala, Kurian and Ratti",Clothing,Bengaluru,"56/77, Banerjee Ganj, Nashik 977173",+911241994034,Sulekha
Kapoor Ltd,Hotel,Gurgaon,"321, Dua Marg, Sirsa 974558",4429828702,Sulekha
"Swamy, Mall and Sane",School,Jaipur,"441, Vora Zila, Ambarnath 377005",0000161437,Justdial
Kar Ltd,School,Pune,"212, Sekhon Zila, Ongole-923993",0695337169,Justdial
Sarma-Kurian,Electronics,Pune,"H.No. 983, Ranganathan Road, Ballia-639548",5986832521,Google
"Ratti, Ravel and Jain",Salon,Mumbai,"H.No. 31, Mani Zila, Sagar-602020",+918154625254,Sulekha
Prabhakar Inc,Cafe,Jaipur,"H.No. 06, Minhas Ganj, Jaunpur-332105",05163956543,Justdial
"Apte, Dash and Narayan",Restaurant,Pune,"19/22, Ramaswamy Marg, Pimpri-Chinchwad-922782",7715568397,Google
"Trivedi, Mohanty and Keer",Electronics,Jaipur,"H.No. 672, Modi Marg, Bhilwara-864631",8130286616,Sulekha
Baral Ltd,Salon,Kanpur,"H.No. 090, Parmer Zila, Machilipatnam-690348",7636941777,Sulekha
Sanghvi-Salvi,Clothing,Gurgaon,"H.No. 852, Agate Marg, Machilipatnam 962307",+919196681153,Google
"Guha, Kala and Saran",Clothing,Delhi,"28, Comar Ganj, Imphal-241944",1504494375,Justdial
Mangat Group,Electronics,Kanpur,"68/591, Karpe Marg, Bangalore-191519",4161355347,Google
"Dani, Dash and Kumer",Clothing,Gurgaon,"87/427, Sachdeva Street, Chittoor-689163",+912716741623,Sulekha
Sarna-Anne,Restaurant,Pune,"027, Suri Circle, Rampur-236628",+918767482783,Justdial
Butala LLC,School,Noida,"21/24, Munshi Path, Nagaon-421927",03566869184,Google
"Bhardwaj, Pant and Sahni",Clothing,Noida,"124, Baral Ganj, Mumbai-280844",09589381576,Justdial
Handa Ltd,Salon,Jaipur,"H.No. 42, Kurian Chowk, Sri Ganganagar-484815",00433690708,Justdial
Contractor-Patla,Mobile,Agra,"H.No. 683, Gupta Path, Buxar-405294",07097090327,Sulekha
"Singhal, Mangat and Sarkar",Gym,Kanpur,"69, Gandhi Marg, Vijayawada 572897",+919036531534,Google
Mukherjee-Kanda,Restaurant,Jaipur,"65/69, Som Circle, Hajipur 262746",03886646714,Sulekha
Banerjee-Karan,School,Bengaluru,"27, Ahuja Street, Hapur 978527",+916459538125,Justdial
Bora and Sons,Salon,Agra,"H.No. 041, Natt Circle, Dindigul-713909",+912527373013,Sulekha
"Mital, Patil and Koshy",Clothing,Pune,"H.No. 09, Zacharia Circle, Bhubaneswar 911023",+913230057921,Sulekha
Krishnan-Kota,Electronics,Delhi,"60/188, Virk Circle, Visakhapatnam-137641",6916566853,Justdial
Seth PLC,Mobile,Lucknow,"H.No. 95, Salvi, Ulhasnagar-960358",06368306777,Sulekha
"Malhotra, Karnik and Seshadri",Restaurant,Noida,"64/338, Narain Chowk, Guwahati-451411",+914708914556,Sulekha
"Dewan, Gala and Varty",Cafe,Kanpur,"H.No. 815, Natarajan Path, Hapur 890950",9294883161,Google
"Vasa, Dhawan and Kanda",Mobile,Bengaluru,"57/57, Jani Zila, Kollam 091104",08493088637,Sulekha
Walia LLC,Gym,Jaipur,"H.No. 04, Vasa Chowk, Bally-808987",5115559774,Sulekha
"Kaur, Saxena and Bakshi",Clothing,Bengaluru,"H.No. 137, Lad Chowk, Tiruvottiyur 064799",+914410040288,Google
Agate Inc,Hotel,Kanpur,"605, Brahmbhatt Street, Panchkula 991391",+916859420023,Sulekha
"Batta, Upadhyay and Chowdhury",Cafe,Gurgaon,"H.No. 545, Balan Ganj, Ambarnath-098295",+914300318912,Sulekha
"Chhabra, Goda and Kohli",Electronics,Gurgaon,"H.No. 550, Sagar Marg, Warangal-737879",6780130790,Google
Chander LLC,Cafe,Kanpur,"54/65, Varkey Circle, Bhatpara-145229",1886577499,Google
Edwin-Dixit,Gym,Gurgaon,"59, Saran Street, Sangli-Miraj & Kupwad 754120",6854011050,Sulekha
Narula-Johal,Mobile,Bengaluru,"49/27, Venkatesh Ganj, South Dumdum-202765",6891295284,Justdial
Mammen-Jayaraman,Hotel,Bengaluru,"H.No. 455, Rastogi Zila, Bhagalpur-309931",0398539642,Justdial
"Saxena, Narula and Vora",School,Bengaluru,"H.No. 406, Hayer Circle, Eluru-775567",+911197088143,Sulekha
"Bajaj, Nayak and Bali",School,Delhi,"21/865, Rana Road, Bhind-681559",4777538331,Sulekha
Rout PLC,Hotel,Bengaluru,"85/32, Kata Street, Agartala-408151",0946431050,Sulekha
Keer Ltd,Clothing,Noida,"H.No. 64, Singhal Street, Akola 092353",+911207599217,Google
Singh-Bahri,Clothing,Pune,"69, Kala Zila, Guwahati-165769",+918851015847,Sulekha
Khosla-Dugar,School,Kanpur,"H.No. 676, Ganesh, Kurnool 866829",02835236379,Google
"Kota, Vohra and Kashyap",Salon,Bengaluru,"93/238, Raj Circle, Sikar 464149",+919941879411,Justdial
Sama-Sethi,Gym,Kanpur,"51/72, Dhar Zila, Aizawl-050558",03218244951,Justdial
"Chowdhury, Bir and Joshi",Mobile,Pune,"16/52, Srivastava, Ramagundam-313421",04590661061,Justdial
"Varkey, Sathe and Sarkar",Electronics,Jaipur,"H.No. 25, Ravel Chowk, Sagar 724489",3816929169,Justdial
Kumar-Sawhney,Restaurant,Agra,"H.No. 38, Ratti Chowk, Gangtok-860886",8117008411,Justdial
"Mukherjee, Hari and Gola",Mobile,Noida,"43/96, Chand Nagar, Srinagar-848266",8399865652,Sulekha
Srivastava Ltd,Cafe,Agra,"H.No. 959, Gandhi Ganj, Purnia-363389",5777567503,Justdial
"Dhar, Sahni and Mutti",Mobile,Pune,"405, Bora Nagar, Coimbatore-598779",6128543542,Google
Vasa-Chandran,Restaurant,Lucknow,"14, Venkatesh Chowk, Bongaigaon-083689",04252190840,Google
Saran and Sons,School,Pune,"H.No. 354, Kapoor Circle, Pune-908069",+917553720084,Justdial
"Kaul, Nagar and Issac",Restaurant,Noida,"H.No. 75, Rastogi, Kozhikode 968074",02394159336,Justdial
"Kunda, Keer and Mahal",Hotel,Kanpur,"94/18, Chakrabarti Path, Sirsa-689926",9841115761,Sulekha
"Dugar, Dua and Shenoy",Gym,Jaipur,"H.No. 448, Kuruvilla Path, Kochi-371293",04745423730,Sulekha
Chauhan-Lata,Salon,Lucknow,"H.No. 689, Shankar, Chandigarh 837276",6081134545,Justdial
Talwar-Kadakia,Medical,Pune,"H.No. 60, Walia Street, Jalgaon 782070",08556320247,Sulekha
"Kumer, Sachdev and Suresh",Restaurant,Delhi,"37/93, Mall Ganj, Varanasi 794023",09302701015,Google
Nayak-Ramesh,Medical,Jaipur,"78/63, Sanghvi, Ambala 535587",+915386730332,Sulekha
Bhardwaj Group,Clothing,Bengaluru,"808, Sabharwal Marg, Indore-304147",7749560154,Sulekha
Mahajan-Bath,Electronics,Agra,"H.No. 662, Memon Marg, Ongole-492919",+916847489365,Justdial
"Nagi, Ghosh and Sant",Mobile,Kanpur,"04/676, Puri Path, Gwalior 189825",+911357676549,Justdial
Venkatesh Group,School,Agra,"209, Brahmbhatt Nagar, Deoghar 440089",02427056611,Google
"Bhatnagar, Balakrishnan and Koshy",Restaurant,Pune,"H.No. 897, Kadakia Marg, Davanagere-171238",5797551174,Google
Agate-Varughese,Mobile,Bengaluru,"15, Buch Ganj, Aizawl-978960",08426310474,Sulekha
Sastry Ltd,Electronics,Gurgaon,"H.No. 01, Bora Nagar, Hosur 197667",2935605806,Sulekha
Dara-Bose,Medical,Kanpur,"44, Goyal Path, Jamalpur-633183",5617844669,Google
Ray-Savant,Gym,Mumbai,"596, Aurora Nagar, Kurnool-898266",6178739696,Sulekha
Sem-Doctor,Gym,Mumbai,"841, Srivastava Circle, Chapra 378877",9213939482,Google
Ramanathan-Devi,Gym,Noida,"03/09, Chauhan Circle, Hubli–Dharwad-969447",6682171645,Google
Borah-Grewal,Gym,Jaipur,"H.No. 56, Mall Marg, Gulbarga-259537",2118464021,Justdial
Ben-Ganesh,Cafe,Pune,"H.No. 97, Bains Nagar, Bhilai-715568",+911542436381,Justdial
Barad-Dhawan,Hotel,Delhi,"12/351, Mander Zila, Mumbai 609559",4038701843,Justdial
"Seth, Acharya and Prabhu",Gym,Pune,"H.No. 176, Mukherjee Street, Motihari-991011",+914688506146,Google
"Sathe, Sastry and Tella",Cafe,Gurgaon,"H.No. 911, Desai Path, Machilipatnam 772905",07584676424,Justdial
"Atwal, Banerjee and Mukherjee",Gym,Kanpur,"H.No. 20, Ratta Path, Mathura 094627",0100414339,Justdial
Solanki and Sons,Salon,Mumbai,"H.No. 03, Chauhan Ganj, Haridwar 912256",07757370824,Sulekha
Verma-Sethi,Salon,Kanpur,"02, Shroff Marg, Bathinda 390435",3260934312,Sulekha
Ratta-Chaudhary,Restaurant,Mumbai,"H.No. 141, Rege Chowk, Bhagalpur 566698",6412877081,Google
Khalsa-Jha,Clothing,Delhi,"54/759, Kar Street, Shivpuri 468744",+919629709809,Sulekha
Bera-Balasubramanian,Hotel,Pune,"01/22, Kari Circle, Bhiwandi-981290",+913992861594,Justdial
"Narayan, Mani and Pandit",Salon,Bengaluru,"65/40, Palla Street, Nagaon 709025",05710840450,Justdial
Varma Ltd,Cafe,Agra,"51/253, Mangal, Guntakal 375762",04144053713,Justdial
Jani Ltd,Mobile,Gurgaon,"H.No. 29, Chhabra Road, Arrah 192209",+915227004212,Justdial
Dugar LLC,School,Jaipur,"H.No. 75, Devi Ganj, Darbhanga-505356",+913613486320,Google
Randhawa Inc,Mobile,Jaipur,"H.No. 356, Mander Ganj, Lucknow-903658",+915044047672,Sulekha
Sami-Yogi,School,Kanpur,"93/14, Contractor Road, Aurangabad-219350",07397812911,Google
Lad-Acharya,Cafe,Delhi,"95/30, Doctor Chowk, Tadipatri-959374",09653223103,Google
Dhaliwal-Bhardwaj,Salon,Mumbai,"04, Taneja, Darbhanga 983975",+917184420598,Google
Varty Group,Restaurant,Pune,"54/30, Muni Path, Tiruchirappalli-550000",+910973712790,Google
Bhatt-Gandhi,Cafe,Kanpur,"H.No. 004, Naik Street, Solapur 096464",+911361027349,Justdial
"Bal, Chanda and Swaminathan",Clothing,Mumbai,"H.No. 79, Ben Road, Amroha 132274",+913113552870,Google
Sarin Group,Medical,Bengaluru,"26/04, Mammen Chowk, Mau 142505",+911876652921,Justdial
Lal-Mann,Mobile,Agra,"60, Nanda Chowk, Shimoga-463706",+915997762231,Sulekha
Lala-Nagy,School,Delhi,"61/82, Vohra Nagar, Tumkur 106438",05985751111,Google
Shroff LLC,Cafe,Lucknow,"46/529, Basu Chowk, Howrah-720497",+911164922058,Justdial
"Kibe, Loke and Dube",Hotel,Gurgaon,"500, Dugar Marg, Kolkata 023919",+916725295044,Google
"Prasad, Dutta and Kapadia",Medical,Agra,"56/51, Verma Street, Bihar Sharif 058869",+915556664761,Google
Jaggi LLC,Salon,Delhi,"H.No. 306, Sanghvi Path, Giridih 282859",00780202051,Google
Subramanian Inc,Electronics,Mumbai,"600, Shetty Path, Eluru 511692",05673969039,Justdial
Minhas Ltd,Hotel,Pune,"H.No. 030, Gopal Circle, Ichalkaranji 332603",+911021506806,Google
"Pandey, Sagar and Nigam",Mobile,Bengaluru,"075, Nazareth Street, Ajmer 544029",+917380176934,Sulekha
Hegde-Swaminathan,Restaurant,Mumbai,"69, Randhawa Nagar, Haldia-804001",+912906684495,Google
Parmar-Gaba,Clothing,Noida,"98/780, Majumdar Road, Bokaro 078894",0582034842,Google
Swaminathan-Deep,Medical,Pune,"11/02, Badami, Agra-458981",7530600320,Google
Bhagat PLC,Hotel,Agra,"518, Murthy Circle, Vadodara 868859",+919112837917,Justdial
"Singhal, Iyer and Gara",Hotel,Delhi,"31/02, Natt Street, Korba 886742",+910732829887,Sulekha
"Mandal, Mohanty and Balay",Restaurant,Gurgaon,"685, Kaur Nagar, Gangtok 253976",06894201396,Justdial
Solanki-Kunda,Medical,Jaipur,"99, Thaman Ganj, Morbi-956206",+911319589505,Google
Mital-Nanda,Clothing,Delhi,"58/11, Goswami Ganj, Ajmer 491160",0665274594,Justdial
Sem-Narayan,Cafe,Mumbai,"H.No. 059, Srinivas Nagar, Aizawl 973480",+911532939491,Justdial
"Murthy, Chaudhary and Shankar",School,Lucknow,"H.No. 205, Sampath Ganj, Raichur 574349",00160743530,Justdial
"Chopra, Tak and Menon",Salon,Agra,"36/181, Kalla Street, Gandhinagar 551088",0342690547,Justdial
"Loke, Majumdar and Taneja",Hotel,Kanpur,"H.No. 64, Nigam, Avadi 945836",9982535144,Google
"Kala, Handa and Brahmbhatt",School,Agra,"168, Kapadia Chowk, Machilipatnam 501171",9427124344,Google
"Buch, Chada and Puri",Electronics,Pune,"H.No. 57, Subramanian Path, Bahraich-351922",00188529614,Google
Grewal Inc,Medical,Gurgaon,"957, Sem Marg, Rewa-265363",+918522506406,Justdial
"Basak, Batta and Thakur",Electronics,Kanpur,"H.No. 85, Som Street, Dharmavaram 819881",04556034356,Sulekha
"Mukhopadhyay, Shroff and Taneja",Medical,Mumbai,"23/006, Madan Chowk, Gangtok-407204",+912144300843,Justdial
Raju Ltd,School,Mumbai,"59, Panchal Road, Hosur 386420",7942558036,Sulekha
"Banerjee, Chaudhry and Andra",Medical,Noida,"076, Bera Road, Malegaon-529672",+917900678833,Google
"Salvi, Bobal and Mander",Gym,Noida,"02/35, Bandi Zila, Gangtok 196452",0248445027,Sulekha
Gopal Group,Hotel,Kanpur,"76/93, Mohanty Marg, Jaipur 513338",+919946344492,Sulekha
Dixit LLC,Gym,Delhi,"H.No. 260, Parmer Circle, Haridwar 619521",+919910425786,Google
Lad PLC,Electronics,Pune,"71/67, Kurian Nagar, Agartala 334032",5147872994,Sulekha
Gera-Kaul,Salon,Delhi,"H.No. 32, Sandhu Street, Hindupur 542161",+915500819615,Sulekha
Anand and Sons,Restaurant,Lucknow,"H.No. 102, Mammen Ganj, Davanagere 559847",+918126592631,Sulekha
Dash PLC,Gym,Agra,"64, Lall Ganj, Darbhanga-477614",07858560510,Justdial
"Salvi, Venkatesh and Mohan",Mobile,Mumbai,"H.No. 48, Rout Nagar, Dibrugarh-173564",01261492808,Sulekha
Nadig PLC,Restaurant,Agra,"24/343, Lala Street, Jorhat 305331",07745309798,Sulekha
Natarajan Group,Restaurant,Pune,"42/23, Chaudry Zila, Bidhannagar 761663",00325476800,Justdial
Lalla-Badami,Hotel,Jaipur,"H.No. 62, Bhalla Marg, Shimla-848681",1419337037,Sulekha
Nagar Group,Gym,Delhi,"529, Kota, Guwahati-649492",9569696426,Google
"Warrior, Nayar and Swamy",Hotel,Delhi,"71/84, Deshmukh Road, Allahabad 116833",+911852371912,Justdial
Das-Kapur,Hotel,Lucknow,"620, Chaudhari Path, Durgapur 905600",+918762179530,Justdial
"Ramaswamy, Jaggi and Anne",Restaurant,Pune,"763, Divan Chowk, Faridabad-863569",5766347112,Google
Varkey Group,Gym,Mumbai,"263, Naik Marg, Satara 815826",06191492615,Justdial
Nigam-Minhas,Mobile,Lucknow,"43, Ranganathan Nagar, Karimnagar 584296",9104010771,Justdial
Dhaliwal-Suresh,School,Jaipur,"H.No. 945, Bhandari Marg, Panchkula-811914",5371322997,Sulekha
Menon-Sharma,Medical,Pune,"306, Apte Zila, Etawah 409045",4654279590,Google
"Saha, Dewan and Keer",Mobile,Pune,"206, Seth Zila, Purnia 997729",+912252423898,Google
"Nagy, Khanna and Parekh",Cafe,Bengaluru,"06, Choudhary Road, Akola-508222",00771467007,Sulekha
Sarma PLC,Cafe,Delhi,"H.No. 392, Sibal Chowk, Udupi-692232",+919137642741,Sulekha
Sinha-Karnik,Electronics,Noida,"H.No. 45, Edwin Nagar, Delhi-083567",03682617340,Justdial
Warrior PLC,Gym,Bengaluru,"194, Deshpande Circle, Khora  270849",3860110929,Justdial
"Nayar, Dhar and Mani",Hotel,Kanpur,"H.No. 098, Atwal Chowk, Sultan Pur Majra 127525",07150325423,Google
Mane-Jain,Mobile,Gurgaon,"H.No. 13, Rege Marg, Unnao 116413",0465208878,Google
"Borde, Pant and Pillai",Gym,Gurgaon,"90/01, Vasa Road, Tirupati 938008",+913590003391,Sulekha
Reddy and Sons,Restaurant,Agra,"15/981, Tara Street, Bhalswa Jahangir Pur 319613",3095929933,Google
Sinha-Biswas,Cafe,Bengaluru,"74/086, Tripathi Nagar, Korba-487985",5125351636,Google
Rattan-Sarma,Clothing,Jaipur,"H.No. 829, Patla Road, Loni-496602",6969126580,Sulekha
Chaudhry Ltd,Mobile,Agra,"62/957, Kashyap Chowk, Deoghar 224780",09077003812,Google
Patil-Varma,School,Lucknow,"H.No. 194, Randhawa Nagar, Jaunpur-961855",03775509279,Sulekha
"Batta, Lanka and Pillai",Gym,Jaipur,"H.No. 26, Buch Road, Parbhani-677775",0737107509,Google
"Ramachandran, Gera and Nath",Restaurant,Bengaluru,"28, Chaudhuri Ganj, Loni 633330",5927659651,Justdial
"Prasad, Ramakrishnan and Rajagopal",Restaurant,Mumbai,"69/264, Kohli Chowk, Khandwa 671851",04571388376,Justdial
"Choudhury, Dora and Virk",Restaurant,Bengaluru,"H.No. 959, Tiwari Ganj, Pondicherry-322920",05299559635,Sulekha
Kata Ltd,Gym,Agra,"H.No. 353, Shukla Zila, Jalgaon 008599",04675565298,Justdial
Ramaswamy PLC,Gym,Gurgaon,"08, Dara Nagar, Gandhinagar-076839",5974530378,Sulekha
"Muni, Agarwal and Thaker",Salon,Lucknow,"H.No. 884, Bala Road, Jehanabad 002008",3009947327,Justdial
Garg-Dara,Clothing,Noida,"16/547, Dey Road, Nizamabad 799536",06000538188,Justdial
Chakraborty and Sons,Medical,Pune,"29/197, Gole Circle, Parbhani 844990",6716869913,Sulekha
"Varma, Bajaj and Ratti",Gym,Pune,"00, Mahajan Zila, Gurgaon-389327",5287606983,Justdial
Virk-Contractor,Gym,Gurgaon,"H.No. 00, Bava Zila, Miryalaguda-949994",4627443853,Sulekha
"Radhakrishnan, Prabhu and Bajwa",School,Delhi,"05/187, Prabhakar Circle, Bidar-462196",6636815293,Justdial
"Bala, Kuruvilla and Tak",Gym,Noida,"63, Rajagopal Ganj, Loni-219142",3227977463,Sulekha
Datta LLC,School,Jaipur,"319, Gera Path, Proddatur-786568",08975163299,Justdial
Rout-Sampath,Salon,Lucknow,"H.No. 361, Acharya Path, Pudukkottai-775196",+917420618291,Sulekha
Khanna Inc,School,Gurgaon,"10/188, Contractor Nagar, Bhimavaram-161638",3706684952,Google
Panchal Ltd,Clothing,Jaipur,"697, Badami Road, Bhopal-322044",05120206859,Justdial
Yadav-Kannan,Electronics,Agra,"35/216, Peri Circle, Rajpur Sonarpur-821656",0355810896,Google
Pillay-Garg,Cafe,Kanpur,"H.No. 441, Chowdhury Street, Machilipatnam 264205",01961581550,Justdial
"Narang, Bala and Agrawal",Medical,Bengaluru,"H.No. 44, Nadkarni Nagar, Munger 532288",02600523771,Google
Mishra Ltd,Mobile,Delhi,"H.No. 411, Ratta Path, Mangalore-907835",00142264393,Google
Gole-Dubey,Electronics,Delhi,"60/28, Dua Street, Udaipur 429084",+917130242710,Justdial
"Dar, Parekh and Pandya",Cafe,Delhi,"H.No. 024, Subramaniam Circle, Erode-562690",+918592927587,Google
Anne-Devan,Gym,Agra,"H.No. 089, Bahri Street, Vadodara 701846",+912888320390,Justdial
Mohanty-Puri,Hotel,Gurgaon,"81/96, Raja Chowk, Howrah-871003",0686998880,Sulekha
Agate and Sons,Hotel,Jaipur,"20/808, Mohanty Road, Dewas 010923",+914492494919,Google
"Patel, Bajaj and Bawa",Medical,Noida,"40/81, Bhandari Nagar, Bilaspur-346278",+914912032918,Google
"Vyas, Kala and Bhatt",Salon,Jaipur,"51/485, Pradhan, Berhampore-954466",03376612095,Justdial
Gulati Inc,Clothing,Gurgaon,"89, Narayanan Path, Vijayawada 891715",+916531894789,Sulekha
"Mody, Chaudhuri and Dugal",Hotel,Jaipur,"33/499, Ranganathan Circle, Deoghar-390384",03754696153,Sulekha
"Kara, Vohra and Sankar",Gym,Bengaluru,"H.No. 111, Gill Chowk, Malegaon 775995",+910721987643,Google
Gade-Dar,Clothing,Delhi,"088, Koshy, Ichalkaranji-178272",07333063698,Sulekha
Verma Inc,Electronics,Jaipur,"H.No. 95, Konda Zila, Bahraich-829768",+917568460880,Google
Swaminathan and Sons,School,Lucknow,"854, Oommen Ganj, Bhopal 753705",03140786612,Sulekha
Raj-Dalal,Mobile,Pune,"90, Batta Ganj, Aizawl 343069",3192396269,Google
Choudhry Group,Gym,Agra,"08/35, Basu, Anand 224564",05566255624,Justdial
"Zacharia, Om and Kara",Gym,Agra,"08, Ghose Marg, Thrissur-509644",+911149718577,Google
Ramanathan-Rattan,Clothing,Kanpur,"62, Atwal Marg, Uluberia 292551",+910090925289,Justdial
Bansal-Raghavan,Salon,Bengaluru,"71/25, Sachdev Circle, Moradabad-568377",4283951337,Sulekha
Chand Ltd,School,Agra,"H.No. 23, Saraf Zila, Mehsana 757304",07497962699,Justdial
Brahmbhatt and Sons,School,Noida,"H.No. 24, Kashyap, Allahabad 777258",4754561942,Google
Prakash-Rajagopalan,School,Delhi,"H.No. 80, Guha Chowk, Kirari Suleman Nagar 693800",6413758483,Sulekha
Sood-Kapur,Clothing,Jaipur,"83, Gulati Street, Panihati-349285",+910731073140,Justdial
Lanka Group,Restaurant,Lucknow,"86, Ram Chowk, Sambhal-683568",0337477496,Sulekha
"Minhas, Pandya and Magar",Clothing,Agra,"92/34, Manda Nagar, Katni-186317",07115867949,Justdial
Shroff and Sons,Mobile,Noida,"903, Lanka Chowk, Thane 696569",+912397963953,Justdial
"Radhakrishnan, Dey and Pradhan",Medical,Gurgaon,"H.No. 51, Basak Road, Danapur 289121",+919824302576,Justdial
Sundaram-Dhar,Clothing,Bengaluru,"65, Kuruvilla Nagar, Lucknow-505695",7840166069,Justdial
Ghose-Guha,School,Jaipur,"H.No. 100, Chaudhary Ganj, Bhubaneswar-863918",7104460100,Justdial
Bobal-Tata,School,Jaipur,"H.No. 043, Kalita Street, Serampore-918048",0848537031,Sulekha
"Deol, Saini and Koshy",School,Bengaluru,"03/034, Ray Street, Ahmednagar-350086",00792454941,Justdial
"Sami, Badami and Gopal",Hotel,Mumbai,"566, Savant Street, Ambarnath-352727",04821669640,Justdial
Boase-Parmar,Mobile,Lucknow,"38/530, Batra Path, Bhimavaram 546355",+913123737868,Sulekha
Kannan-Keer,Cafe,Kanpur,"23/48, Chacko Path, Giridih-410579",+915660192608,Google
"Ganguly, Chaudhari and Bansal",Hotel,Noida,"30/126, Bassi Road, Bhusawal 708203",5713341075,Google
Bajaj-Naidu,Restaurant,Gurgaon,"248, Kulkarni Marg, Jamshedpur 727708",+915204883017,Google
"Baral, Prabhu and Luthra",Gym,Bengaluru,"33/626, Comar Zila, Raichur-511356",+915869664124,Google
"Lal, Gole and Barman",Salon,Gurgaon,"640, Suri Path, Tumkur 782979",+912838392583,Google
Tara LLC,Gym,Kanpur,"H.No. 466, Mallick Street, Phagwara 768036",0014526827,Sulekha
Cheema Ltd,School,Mumbai,"41, Thaman Road, Pondicherry-674608",07855276832,Justdial
"Taneja, Viswanathan and Bhagat",Mobile,Jaipur,"98, Varkey Chowk, Begusarai-546518",4676439370,Sulekha
Lata-Lal,Restaurant,Kanpur,"636, Tella Zila, Meerut-674365",+917925112441,Google
"Padmanabhan, Dubey and Seth",Restaurant,Jaipur,"37/43, Shukla, Panipat 189395",7945029233,Justdial
Krishna-Mand,Restaurant,Delhi,"40/86, Kakar, Buxar-392894",+917525732995,Sulekha
Master-Samra,Clothing,Mumbai,"52/942, Bhatia, Kolhapur 009718",+918839506322,Google
Chandra Group,Gym,Gurgaon,"H.No. 48, Vala Zila, Hyderabad-259036",1215554287,Justdial
Singh Ltd,Clothing,Agra,"H.No. 586, Som Road, Durgapur 636672",3240375824,Google
"Chandra, Ram and Lalla",Gym,Jaipur,"666, Brar Road, Sonipat 978763",9741210094,Sulekha
Sagar-Dixit,Mobile,Pune,"449, Zachariah Path, Bhopal-778128",+911149947800,Google
Behl-Dhar,Salon,Kanpur,"H.No. 16, Jain Chowk, Karawal Nagar 497460",+918436309763,Sulekha
Cherian-Sura,School,Jaipur,"59/035, Naik Road, Parbhani-061414",06186860141,Justdial
Lad Inc,Medical,Kanpur,"76, Chakraborty Circle, Nagpur 901991",4825876750,Sulekha
Talwar Ltd,Salon,Agra,"42/668, Sibal Circle, Jamalpur 807720",7122588746,Google
Wali-Konda,Electronics,Pune,"70, Kalita Road, Tumkur 094303",03303636703,Justdial
Rau-Sekhon,Hotel,Kanpur,"91/42, Andra Ganj, Solapur-443293",6930990854,Justdial
Wadhwa PLC,Salon,Jaipur,"018, Handa Zila, Thrissur-870592",3484498672,Google
Bhandari-Mani,School,Noida,"23, Kamdar Street, Narasaraopet-243278",+914994559571,Sulekha
Swaminathan Inc,Hotel,Agra,"85/855, Ramaswamy, Panchkula 457783",1950883818,Google
Chandra-Zachariah,Restaurant,Agra,"84/70, Varghese Ganj, Raichur-285709",07220752944,Google
Pal-Handa,School,Pune,"54/650, Kothari Road, Chinsurah-348273",6541798867,Justdial
Dar-Halder,Electronics,Jaipur,"18/001, Balan, Ghaziabad-223876",+914445414826,Google
"Keer, Naidu and Borah",Electronics,Agra,"95/11, Madan Path, Jorhat-817568",0321740066,Justdial
Nayar Ltd,Cafe,Mumbai,"74/351, Dugar Road, Panvel 639819",6557652164,Google
Kapoor-Prasad,Gym,Bengaluru,"26/231, Datta Street, Saharsa-524166",+918434642490,Justdial
Prabhakar Inc,Clothing,Pune,"84/59, Loke Zila, Pune-050728",9865240498,Justdial
Balan-Balasubramanian,Electronics,Lucknow,"55, Kar Street, Ghaziabad 847007",+914022621596,Google
Nayar Inc,Clothing,Bengaluru,"302, Badal Marg, Karawal Nagar-207974",08622818204,Sulekha
Sunder Inc,Medical,Kanpur,"H.No. 982, Boase, Miryalaguda-393002",+911776465927,Justdial
Sem Inc,School,Agra,"H.No. 80, Toor Circle, Jamshedpur-093731",02328942667,Google
"Bakshi, Kapoor and Vala",Gym,Delhi,"83/30, Sodhi Path, Mehsana-048338",+914147820941,Justdial
Pradhan-Dey,Electronics,Bengaluru,"H.No. 304, Badal Marg, Udupi 234611",+918976336194,Google
Koshy Inc,Mobile,Agra,"519, Ram Zila, Delhi 753146",+919367733375,Sulekha
"Tak, Zacharia and Aurora",Mobile,Bengaluru,"H.No. 87, Murthy Zila, Delhi-090828",08684694903,Justdial
"Bedi, Bhargava and Lalla",Electronics,Noida,"07/70, Dhawan Chowk, Raiganj-417483",6792821959,Justdial
Verma-Uppal,Mobile,Bengaluru,"594, Mohan Nagar, Sonipat-243316",+919132297936,Sulekha
Char and Sons,School,Bengaluru,"73/35, Rajagopal Street, Sirsa-263628",+916645386355,Google
Balan Group,Cafe,Noida,"90/10, Ravi Nagar, Panipat 534310",6144561289,Justdial
"Doctor, Sood and Kar",Electronics,Kanpur,"619, Doshi Ganj, Durgapur 931674",+910449751166,Justdial
Palla Group,Hotel,Mumbai,"86/306, Dani Marg, Tezpur-486084",4842472125,Sulekha
Luthra PLC,Cafe,Mumbai,"H.No. 66, Goyal Street, Ambarnath-523578",05379435673,Sulekha
Bava-Gala,Cafe,Agra,"H.No. 402, Patla Marg, Khandwa-296854",06067453737,Justdial
"Pillai, Banerjee and Tripathi",Clothing,Mumbai,"220, Narain Road, Mumbai 708937",+913210783873,Google
Sengupta Ltd,School,Jaipur,"208, Bansal Ganj, Anand-430629",06405194267,Justdial
Sengupta-Saha,Mobile,Bengaluru,"H.No. 00, Randhawa Path, Bally 764914",4684140630,Justdial
"Ratti, Shanker and Gala",Cafe,Jaipur,"H.No. 523, Parikh Ganj, Kota 108471",+913943185947,Google
Shenoy-Sarma,Clothing,Lucknow,"H.No. 29, Sachar Road, Shimoga-648590",1606878404,Sulekha
Subramanian PLC,Mobile,Mumbai,"H.No. 50, Sachdev Chowk, Srinagar 639463",2838165673,Google
Kar Ltd,Electronics,Jaipur,"837, Sule Path, Agartala 104864",+916330018268,Google
"Mander, Nagi and Saran",Restaurant,Kanpur,"09, Din Road, Sirsa 053066",6850203901,Justdial
Kunda Ltd,Clothing,Mumbai,"17/079, Kala Street, Dehri-202714",9349227824,Google
"Balasubramanian, Virk and Karnik",Salon,Gurgaon,"01, Aggarwal, Satna-821916",+913986533682,Google
Oommen-Mital,Restaurant,Agra,"685, Agate Nagar, Allahabad 020789",1924312585,Justdial
Borah LLC,Salon,Kanpur,"H.No. 966, Raval Ganj, Suryapet 211120",1378470348,Justdial
Aggarwal LLC,Medical,Gurgaon,"82/484, Chowdhury Street, Vadodara-068827",03680558448,Sulekha
Gala LLC,Electronics,Bengaluru,"30/26, Mohanty Street, Berhampore-165690",+912530654194,Justdial
"Ganesan, Edwin and Sathe",Cafe,Mumbai,"H.No. 40, Madan Nagar, Ghaziabad 599780",06233648488,Sulekha
Wali Ltd,Mobile,Jaipur,"60/135, Sarraf Road, Warangal-099082",04544238609,Sulekha
"Majumdar, D’Alia and Tiwari",Salon,Delhi,"H.No. 201, Dalal, Bhiwandi 892878",2316144693,Sulekha
"Sandal, Dugar and Goswami",School,Gurgaon,"94, Talwar Circle, Kochi-535667",08854171001,Google
Sachdeva PLC,Medical,Lucknow,"105, Kapadia Chowk, Jalgaon-603327",00595315034,Sulekha
"Sibal, Dutta and Handa",Electronics,Pune,"36, Bhagat Marg, Jalgaon-072490",+919535818769,Justdial
Bakshi PLC,Restaurant,Bengaluru,"27, Suri Marg, Vijayanagaram 939126",+917042860492,Justdial
Kamdar-Nayar,Gym,Gurgaon,"94, Tank Zila, Panvel 140173",+918587979010,Google
Karnik-Andra,Cafe,Bengaluru,"43/55, Karan Ganj, Vasai-Virar-318728",6047341212,Google
Thakur Inc,Clothing,Noida,"H.No. 38, Kade Marg, Shivpuri-250725",+911672585939,Justdial
Gade PLC,Cafe,Pune,"62, Atwal Ganj, Kozhikode-178623",04183874809,Google
Kuruvilla Group,Hotel,Kanpur,"93/24, Tata Zila, Jammu 854089",+914609789387,Google
Bera Group,Electronics,Kanpur,"40, Parekh Zila, Delhi-941403",0370666999,Google
"Panchal, Deshpande and Dhar",Hotel,Mumbai,"H.No. 216, Shenoy Path, Guna-667236",0581871822,Justdial
Baral-Manne,Gym,Bengaluru,"H.No. 39, Ghose Nagar, Gwalior-208449",+916082445498,Google
Sahni-Walia,Mobile,Agra,"H.No. 945, Thaman Street, Siliguri 179000",05545981317,Justdial
"Rao, Deshmukh and Sangha",Gym,Mumbai,"665, Palla Chowk, Imphal 913240",+915010631572,Google
Gulati and Sons,Salon,Lucknow,"H.No. 51, Patla Street, Rajahmundry-323510",06724433163,Sulekha
Sen-Dada,Medical,Lucknow,"89, Sengupta Zila, Agartala-823206",02222498416,Justdial
Mukherjee-Chahal,Medical,Lucknow,"647, Kumer Road, Imphal-474973",8280767076,Justdial
Bail Group,Medical,Delhi,"535, Sachdev Path, Uluberia-665176",+911114986769,Google
"Mukhopadhyay, Hayre and Comar",Mobile,Noida,"925, Desai Circle, Imphal-145913",5732415935,Justdial
Hegde-Kapoor,Cafe,Jaipur,"H.No. 74, Gill Circle, Lucknow 223417",+914048783759,Justdial
Mitter-Chanda,Restaurant,Kanpur,"005, Nagar Path, South Dumdum-811719",6754052769,Google
Mohan-Lall,Clothing,Delhi,"27, Ramaswamy Ganj, Buxar-716882",+917994766163,Google
Bali-Shenoy,School,Gurgaon,"H.No. 175, Suresh Chowk, Srinagar 782240",05878781091,Justdial
Sane LLC,Mobile,Gurgaon,"H.No. 31, Sagar, Anand 310447",+915243704776,Justdial
"Samra, Singh and Tak",School,Delhi,"96, Barman Path, Panipat-277520",+911424382861,Google
Mitter-Behl,Salon,Kanpur,"19/60, Bhatia Circle, Burhanpur 403762",03688585248,Sulekha
Ramachandran LLC,Clothing,Noida,"15, Gala Marg, Akola-493988",04299901844,Google
Dar Group,Clothing,Jaipur,"23, Parikh Road, Parbhani 995601",05202844152,Google
Keer-Brahmbhatt,Gym,Pune,"99/47, Chacko Marg, Kumbakonam 750692",+914892290751,Google
Bakshi Inc,School,Agra,"130, Nanda Circle, Ambarnath 775641",00505338516,Google
Cherian-Dora,Hotel,Lucknow,"H.No. 26, Wadhwa Road, Muzaffarnagar-835648",8177608180,Justdial
"Sidhu, Pau and Krishnan",Electronics,Lucknow,"00/705, Kumer Path, Aligarh 453627",9549566190,Sulekha
Khatri Group,Restaurant,Gurgaon,"H.No. 81, Grewal Circle, Hyderabad-842442",+917745164945,Google
Sharaf-Suri,Clothing,Bengaluru,"309, Tara Zila, Moradabad-011387",4069605921,Google
Yogi Group,Gym,Bengaluru,"93/383, Wali Circle, Vijayanagaram 038071",7658216943,Sulekha
Sibal PLC,Gym,Pune,"H.No. 92, Tata, Meerut-857995",07855983732,Sulekha
Tak-Sachdev,Electronics,Mumbai,"H.No. 32, Bumb Marg, Pune-241354",+911242227294,Justdial
Wali-Dani,Hotel,Bengaluru,"14/981, Luthra Circle, Chapra-305724",03668902192,Justdial
Bajwa-Raval,Gym,Pune,"H.No. 705, Malhotra Chowk, Kumbakonam-056230",+911679711088,Sulekha
Bajwa-Dewan,Salon,Delhi,"66/125, Pandey Marg, Siliguri-383016",5016929503,Justdial
Madan-Memon,Restaurant,Pune,"H.No. 74, Ranganathan Road, Bellary-611610",+910220188787,Justdial
Sandhu and Sons,School,Pune,"H.No. 58, Gandhi Zila, Chittoor-458322",08534173851,Sulekha
Bail and Sons,Mobile,Bengaluru,"H.No. 380, Murthy Path, Bihar Sharif 358940",+915872057349,Sulekha
Khatri PLC,Electronics,Jaipur,"33/05, Ramakrishnan Nagar, Amroha-534162",2221018014,Justdial
Dar-Arora,Salon,Noida,"05, Raval Nagar, Etawah 148041",+910697258856,Justdial
Subramanian-Mody,Electronics,Kanpur,"846, Soman Circle, Ozhukarai-664470",00830755793,Google
"Naidu, Gulati and Bobal",Salon,Kanpur,"50, Dasgupta Nagar, Chapra-837429",+911199994599,Justdial
"Pant, Sarraf and Gaba",School,Lucknow,"H.No. 85, Chand Marg, Srinagar-297179",+911377028152,Justdial
Rajan-Gole,Cafe,Gurgaon,"874, Dhawan Ganj, Satara 431583",+910743226714,Sulekha
Khosla Ltd,Mobile,Kanpur,"434, Barad Ganj, Kottayam-971305",0840810258,Justdial
"Chaudhari, Narayan and Palan",Salon,Kanpur,"60/12, Boase Path, Moradabad-478888",1525610447,Sulekha
Deo Ltd,Medical,Bengaluru,"H.No. 84, Mohanty Circle, Madurai 704247",04670739347,Google
Morar-Raju,School,Lucknow,"H.No. 104, Mander Path, Giridih-237665",+914796570510,Justdial
Sunder-Dutta,Gym,Agra,"41/453, Nanda Ganj, Mirzapur 184565",+914311805372,Sulekha
Brahmbhatt-Mukherjee,Salon,Mumbai,"86, Sekhon Road, Karaikudi 485989",1690882861,Google
Sood LLC,Medical,Lucknow,"32/601, Maharaj Zila, Panihati-053761",+914540886668,Justdial
Nath-Ravi,Medical,Mumbai,"71, Parsa Street, Bhusawal-926910",+915656148419,Justdial
Suresh-Krishna,Medical,Mumbai,"H.No. 210, Vig Street, Dindigul-851208",+913492772126,Google
Kadakia-Gokhale,Medical,Pune,"68/66, Sachdev Chowk, Jaipur-244776",00929762267,Google
"Parekh, Basu and Kanda",Hotel,Noida,"50/532, Shah Road, Noida-964750",5443108404,Sulekha
Korpal-Ben,Electronics,Pune,"60/61, Deo Nagar, Bardhaman 171945",1575142508,Sulekha
Zacharia-Doctor,Medical,Lucknow,"307, Samra Ganj, Malegaon 493422",02290259320,Justdial
Kannan PLC,Salon,Agra,"H.No. 307, Barad Ganj, Noida-927123",2603058151,Sulekha
Barad Ltd,Restaurant,Mumbai,"H.No. 13, Gade Circle, Ozhukarai-470276",+915200392419,Justdial
Gour Group,Cafe,Pune,"H.No. 351, Bansal Road, Navi Mumbai 785080",04228630104,Google
"Dayal, Desai and More",Cafe,Agra,"09/319, Nair Street, Udupi 938254",03220449747,Justdial
Shah Group,Cafe,Gurgaon,"88/243, Sankar Circle, Bhagalpur-805012",+911670629030,Google
Kara-Murty,Mobile,Pune,"11/73, Nadkarni Path, Madhyamgram 557558",04332614212,Justdial
"Raju, Subramanian and Patil",Salon,Pune,"H.No. 61, Chakraborty Marg, Anantapur-121576",+919769409335,Google
Sastry-Rege,Clothing,Lucknow,"89/87, Mishra Zila, Ambarnath 006281",+912493043174,Sulekha
Mittal Group,Mobile,Noida,"H.No. 61, Baria Chowk, Rewa 268586",00528053880,Justdial
Natt and Sons,Gym,Mumbai,"73/29, Sampath Nagar, Jaunpur 980535",+918845948289,Sulekha
Varkey PLC,Electronics,Jaipur,"88/18, Krishna Nagar, Gandhinagar-890178",8832934237,Google
"Radhakrishnan, Tak and Ramaswamy",Cafe,Pune,"39, Mannan Chowk, Guna 076682",01066074469,Justdial
Sen LLC,Electronics,Delhi,"219, Upadhyay Road, Chapra-143638",1847016388,Justdial
Deep and Sons,Hotel,Agra,"H.No. 150, Parsa Zila, Panvel-601833",07793620087,Google
Bahri-Seth,School,Kanpur,"45, Banik Chowk, Ludhiana 320726",+911866320492,Justdial
Rana-Tank,Medical,Kanpur,"28, Sridhar, Pudukkottai 577242",09653777206,Sulekha
"Rajan, Kumer and Prabhakar",Restaurant,Agra,"H.No. 63, Halder, Mehsana-905848",+915980055116,Justdial
Joshi Inc,Electronics,Gurgaon,"H.No. 552, Seshadri Chowk, Bokaro-836809",09053198823,Justdial
Bava Ltd,Electronics,Noida,"73/436, Pillai Street, Bidar-664543",+916977389339,Google
"Kapadia, Borah and Seshadri",Restaurant,Agra,"H.No. 579, Bhatti Chowk, Tiruchirappalli-412806",+916229411715,Sulekha
"Kibe, Ranganathan and Jain",Mobile,Noida,"15/841, Hayre Street, Ongole-027802",+913273821526,Justdial
Bhatnagar Inc,Hotel,Bengaluru,"82/570, Jain Road, Kolhapur-025046",+917065680932,Justdial
"Joshi, Bhandari and Munshi",Electronics,Kanpur,"H.No. 59, Puri Chowk, Jhansi-196749",5279896211,Google
"Deo, Tripathi and Jhaveri",Restaurant,Lucknow,"483, Sarkar Road, Panihati-966334",+915982972364,Google
Sundaram Ltd,Medical,Kanpur,"H.No. 585, Memon Marg, Panchkula-439468",05639127391,Sulekha
"Ganguly, Nayar and Karpe",Electronics,Agra,"H.No. 10, Ahuja Circle, Ramagundam 827559",+910691892581,Google
Vyas-Parmer,Salon,Noida,"003, Mohanty Street, Guntur 875933",+910624908510,Sulekha
Yadav Inc,Salon,Bengaluru,"56/298, Naik Marg, Begusarai 995035",+916881350792,Google
Bhatti LLC,Salon,Kanpur,"33, Rai Circle, Kumbakonam 211710",0723658236,Google
Choudhary-Basu,Gym,Mumbai,"H.No. 74, Biswas Zila, Panihati-493557",1687446932,Google
Mallick-Karan,Mobile,Noida,"039, Chakrabarti Road, Jaunpur 168314",09785351069,Justdial
"Thaman, Pandya and Nazareth",Mobile,Agra,"H.No. 983, Sinha Road, Kottayam-028583",+911356208752,Sulekha
"Yogi, Sagar and Sama",School,Noida,"431, Merchant Path, Jorhat-107492",9607039525,Justdial
Sem-Patla,Clothing,Agra,"85, Bandi Chowk, Jalandhar 081514",7196045581,Google
"Gaba, Mittal and Choudhry",Salon,Jaipur,"H.No. 016, Sarma Zila, Bulandshahr 634167",09587729596,Justdial
Kalla-Vyas,Mobile,Jaipur,"97/66, Chandran Chowk, Thrissur-864587",+916157298644,Justdial
"Borde, Rajan and Suri",Hotel,Delhi,"H.No. 46, Sehgal Chowk, Thane-042664",+913593486319,Sulekha
Murthy Ltd,Medical,Noida,"H.No. 123, Ray Circle, Nandyal 887793",+917964695558,Justdial
Peri-Date,School,Bengaluru,"H.No. 82, Uppal Street, Rajkot-784866",+918915242702,Justdial
"Nadig, Mandal and Kunda",Salon,Noida,"13/639, Narasimhan Zila, Tadepalligudem 884006",08090906525,Sulekha
"Ramachandran, Krish and Raju",Cafe,Pune,"73, Balakrishnan Marg, Bhilwara-660308",+919859793284,Justdial
Kata-Deol,Salon,Agra,"943, Hora Path, North Dumdum 995583",+913753078669,Google
Chada-Dash,Mobile,Lucknow,"34, Chandran, Jhansi 379344",1177916417,Sulekha
Gandhi LLC,Salon,Pune,"057, Dhingra Path, Alwar-484897",07474084897,Sulekha
Bhattacharyya-Aggarwal,Mobile,Bengaluru,"57, Kapoor Ganj, Danapur-959446",8748501332,Justdial
Tara and Sons,Hotel,Gurgaon,"H.No. 09, Biswas Ganj, Ambattur-915952",8357098585,Justdial
Dey Inc,Medical,Mumbai,"46/66, Guha Chowk, Guna-061107",4989939018,Justdial
"Andra, Sundaram and Rege",Hotel,Bengaluru,"65/577, Venkataraman Chowk, Coimbatore 330982",+917640359365,Sulekha
"Mannan, Hegde and Comar",Clothing,Lucknow,"25/46, Pillai Nagar, Ambarnath-487061",6951213538,Justdial
Kala-Nanda,Electronics,Lucknow,"07, Hegde Path, Gopalpur 466328",00560611237,Justdial
Dixit-Kadakia,Hotel,Noida,"345, Sood Road, Kottayam 148325",+918687905375,Justdial
Prashad Ltd,Mobile,Mumbai,"21/52, Ravi Street, Miryalaguda 380991",+914829812834,Justdial
Bawa-Vaidya,Medical,Pune,"H.No. 02, Sur, Berhampur-709615",+911568688804,Sulekha
Tandon-Ganguly,Clothing,Gurgaon,"37/546, Nagi Zila, Mango-577506",7466005637,Sulekha
"Sharaf, Doctor and Sachar",School,Gurgaon,"84/788, Gupta Street, Kamarhati-235843",01252964281,Google
"Prakash, Dash and Pandey",Cafe,Mumbai,"29/37, Bose Nagar, Mango 698351",02108265914,Sulekha
"Kalita, Sinha and Barman",Gym,Kanpur,"494, Cheema Zila, Bhilai-979067",06485116067,Justdial
"Bora, Kohli and Tella",Electronics,Mumbai,"24/21, Mane, Malda-711346",02128679154,Justdial
Prabhakar-Dube,Hotel,Mumbai,"51/62, Trivedi Path, Kirari Suleman Nagar-396671",05185948043,Sulekha
Konda LLC,School,Jaipur,"379, Wali Marg, Shimla 099116",+917940098757,Justdial
Pandit-Rout,Restaurant,Jaipur,"97/035, Sahota Path, Jehanabad-542160",+917908261950,Sulekha
"Naik, Aurora and Saraf",Electronics,Noida,"56, Pant Road, North Dumdum 848413",1771949123,Sulekha
Setty-Varkey,Electronics,Kanpur,"07/686, Lad Nagar, Anantapur 321892",+914024574529,Sulekha
Mangal-Sahni,Salon,Bengaluru,"28/767, Brar Path, Medininagar-634749",+910250275580,Justdial
Chaudhuri PLC,Medical,Noida,"38, Mallick Path, Bidhannagar-265644",+916932082039,Google
Patla LLC,Hotel,Delhi,"53/11, Parikh Path, Gandhidham-568852",7946035709,Google
Kala-Tiwari,School,Delhi,"987, Suri, Baranagar 130583",0295366254,Justdial
Biswas-D’Alia,Electronics,Lucknow,"47/97, Kakar Zila, Madhyamgram 461052",9624318411,Google
Dhingra Group,Clothing,Mumbai,"56/837, Hayre, Salem 089746",+911128245624,Justdial
Tripathi Inc,Gym,Mumbai,"89/016, Chakrabarti Zila, Kishanganj-892818",+913713061195,Justdial
"Kapoor, Shah and Rajagopalan",Mobile,Mumbai,"H.No. 89, Nagy Zila, Raiganj 474126",02492360433,Sulekha
Bakshi Inc,Restaurant,Gurgaon,"19/87, Thakkar Road, Chandrapur-712316",6900449406,Google
Brar PLC,Restaurant,Noida,"H.No. 36, Nagy Road, Jodhpur 419582",07231292010,Google
"Batra, Tata and Sagar",Hotel,Noida,"679, Verma Circle, Rourkela 708159",01492457954,Google
"Suresh, Uppal and Rau",Gym,Noida,"43/641, Bassi Ganj, Mumbai-623170",+910299258682,Sulekha
"Gopal, Swamy and Ahluwalia",Electronics,Delhi,"33/691, Oommen Nagar, Raichur 501366",03905711294,Sulekha
"Dua, Sahota and Dutt",Cafe,Bengaluru,"27/713, Bhat, Katihar 840389",04725187815,Google
Brahmbhatt and Sons,School,Mumbai,"89/80, Kala Ganj, Hospet 908898",05095172252,Justdial
Master-Rajagopal,Gym,Jaipur,"H.No. 343, Kakar Chowk, Ballia 397300",08043104777,Sulekha
"Narula, Pal and Ahluwalia",Gym,Agra,"09, Pau Path, Tirunelveli-349678",+916611330964,Sulekha
"Madan, Sarkar and Bava",Mobile,Pune,"H.No. 945, Joshi Chowk, Sonipat-146676",+913067824470,Justdial
"Modi, Sane and Warrior",Gym,Bengaluru,"H.No. 113, Jhaveri Marg, Panihati-511122",0173164396,Justdial
Naidu-Bhattacharyya,Cafe,Delhi,"H.No. 28, Balan Path, Bellary 444856",8024577000,Sulekha
"Gopal, Wable and Jhaveri",Mobile,Noida,"10/40, Handa Circle, Medininagar 371009",+917947698307,Google
Kunda Group,Salon,Pune,"53/35, Batra Zila, Mumbai-121239",00506030159,Google
Varkey LLC,Clothing,Bengaluru,"56/584, Banerjee Path, Rajkot-638729",09325065090,Justdial
"Mand, Ramachandran and Menon",Restaurant,Gurgaon,"52/647, Halder Zila, Mira-Bhayandar-584583",+914681203388,Google
"Varkey, Mody and Pillay",Salon,Noida,"H.No. 871, Sahni Circle, Mira-Bhayandar-870637",5938524771,Justdial
"Bassi, Bhatia and Mitter",Hotel,Kanpur,"47/999, Narang Path, Ambala 730516",02927187178,Google
Ratta-Narayan,Salon,Mumbai,"48/460, Kumer Road, Bhopal 481540",9643984668,Sulekha
Batta-Sama,Gym,Gurgaon,"H.No. 22, Sahni Ganj, Ulhasnagar 772322",7600557562,Google
Butala Ltd,Mobile,Gurgaon,"H.No. 31, Bir Zila, Sangli-Miraj & Kupwad 990102",3147945780,Justdial
Morar-Tandon,School,Noida,"49/426, Dara Zila, Dhule-582082",+910236065820,Justdial
"Dyal, Gaba and Sastry",School,Noida,"H.No. 743, Ramakrishnan Circle, Imphal-175218",+917329419384,Justdial
"Lad, Vaidya and Ganesh",Hotel,Kanpur,"26/018, Salvi Marg, Silchar 656520",6035648029,Sulekha
Panchal-Murty,Salon,Jaipur,"862, Karnik Ganj, Gulbarga-648087",3235565967,Justdial
Dhar-Ramakrishnan,Electronics,Lucknow,"H.No. 862, Chander Marg, Sasaram-154392",02721331806,Google
Chandra Group,School,Bengaluru,"461, Dewan Circle, Sikar-453385",09636638344,Google
Srivastava and Sons,Mobile,Lucknow,"10, Tara Circle, Panipat-155397",+917912082074,Google
Palla LLC,Mobile,Kanpur,"H.No. 06, Loke Chowk, Rourkela 602808",+919981999665,Google
Sachdeva-Palla,Restaurant,Bengaluru,"462, Bhakta Ganj, Bihar Sharif-065174",+917801064869,Google
"Kapadia, Singh and Banik",Gym,Noida,"73/215, Butala, Saharsa-787823",00311916148,Google
Nigam-Sarin,Clothing,Noida,"44/112, Karan Nagar, Visakhapatnam 034618",+911591172002,Google
Shukla and Sons,Restaurant,Delhi,"094, Goyal Marg, Bhavnagar 347052",+915350224789,Sulekha
Chaudhry PLC,Medical,Jaipur,"69/01, Rai Path, Darbhanga 827759",4836099910,Sulekha
Dutt-Tank,Electronics,Jaipur,"H.No. 45, Krishna Street, Unnao 931577",+919250727627,Justdial
Seth-Zachariah,Electronics,Bengaluru,"H.No. 56, Thaker Road, Hubli–Dharwad 717374",+913832875587,Google
"Tara, Issac and Sehgal",Gym,Delhi,"H.No. 941, Sarin Chowk, Tiruchirappalli-724925",7638762413,Google
"Desai, Menon and Sandhu",Mobile,Agra,"164, Rout Path, Unnao-309296",4290627521,Justdial
Chawla Ltd,Clothing,Delhi,"05/213, Hegde Zila, Dewas-988980",0886376967,Sulekha
"Bassi, Choudhury and Ghose",Hotel,Bengaluru,"27/741, Rastogi Marg, Vijayanagaram 352161",1322127737,Justdial
Mall-Gola,Medical,Mumbai,"10/28, Brar, Dibrugarh-105574",2715997619,Sulekha
"Soni, Goswami and Chauhan",School,Lucknow,"H.No. 277, Gopal Zila, Dewas 023440",+918396540627,Google
"Chopra, Dyal and Kibe",School,Pune,"H.No. 46, Nair Circle, Kakinada 927531",07776296202,Sulekha
Ramachandran Group,School,Kanpur,"04/26, Chopra Path, Ichalkaranji 569189",+914961490287,Justdial
Baral-Tella,Salon,Delhi,"H.No. 05, Rajagopal Ganj, Fatehpur 775541",4870254463,Justdial
Bala Ltd,Gym,Jaipur,"94/76, Venkatesh Nagar, Tadepalligudem 131900",+910338712634,Sulekha
"Mistry, Modi and Reddy",Hotel,Agra,"495, Deo Nagar, Bettiah 969993",01037656796,Sulekha
"Sura, Sehgal and Gade",Clothing,Jaipur,"H.No. 64, Palla Circle, Dharmavaram-086847",+919227430900,Sulekha
"Mitter, Varkey and Raja",Medical,Lucknow,"H.No. 46, Bath Path, Haldia 411450",0810562873,Justdial
Swaminathan-Batta,School,Delhi,"18/011, Vala Zila, Hosur 076216",+915400009665,Sulekha
Kale PLC,Electronics,Mumbai,"310, Kibe, Rewa 385786",1188307358,Sulekha
"Bobal, Kapur and Jayaraman",Salon,Jaipur,"H.No. 88, Shukla Street, Bettiah 903546",+911619719253,Justdial
Toor-Nayar,Cafe,Bengaluru,"45/471, Tandon, Tadipatri-779011",+913112358461,Sulekha
Kumar-Gaba,Clothing,Gurgaon,"H.No. 034, Sheth Zila, Panipat-711886",+919410549932,Sulekha
Pandya and Sons,Medical,Pune,"H.No. 504, Shah Circle, Srinagar-301181",+912859927432,Sulekha
Mani PLC,Clothing,Mumbai,"09/70, Sodhi Marg, Noida 998705",8507138882,Google
"Saraf, Varma and Sem",Salon,Jaipur,"H.No. 332, Sathe Circle, Agartala-680775",1011518137,Sulekha
"Boase, More and Mander",School,Lucknow,"83/70, Mitter Nagar, Anantapur 516334",07351367087,Justdial
"Hayre, Upadhyay and Sood",School,Agra,"195, Sant Street, Chinsurah-534673",01907186812,Google
Dugar-Chaudry,Electronics,Mumbai,"54, Bawa Nagar, Anantapuram-509766",+916530484760,Sulekha
Sridhar-Banerjee,Electronics,Mumbai,"06/62, Rana Street, Bhatpara-378362",02751660918,Sulekha
Seshadri-Khare,Mobile,Delhi,"49/466, Sur Road, Vasai-Virar 887908",00635614952,Justdial
"Radhakrishnan, Gaba and Doctor",Restaurant,Lucknow,"60/36, Dara Ganj, Bally-258037",+912112238592,Sulekha
Bose-Morar,Salon,Kanpur,"H.No. 88, Bedi Chowk, Dhule-919031",07989792643,Justdial
Dey PLC,Electronics,Jaipur,"86, Grover Street, Srikakulam 082699",04293177458,Sulekha
Tiwari-Sen,Medical,Agra,"01/63, Mann Zila, Gwalior 771652",00894524123,Sulekha
Sachar-Dhingra,Restaurant,Gurgaon,"H.No. 442, Bedi Path, Agartala-453196",05791587653,Google
"Bhardwaj, Khare and Sastry",Mobile,Agra,"H.No. 90, Sheth Street, Tadipatri 284162",04009210812,Google
"Merchant, Ahluwalia and Soman",Electronics,Lucknow,"86/60, Peri Nagar, Varanasi 358731",02750116853,Justdial
Yadav Group,Mobile,Delhi,"46/96, Khalsa Circle, Burhanpur-375939",7280102839,Sulekha
"Saini, Bhakta and Kohli",Mobile,Noida,"64/97, Tiwari Road, Bellary-907357",3464844686,Google
Ravi-Shukla,Electronics,Delhi,"41/12, Kale Circle, Sasaram-946508",5397961836,Justdial
"Manne, Naidu and Nadkarni",Salon,Noida,"283, Kant Path, Madhyamgram 970926",03165711192,Justdial
